{
    "train_acc_stab": [
        43.93776243383234
    ],
    "train_mse_3d": [
        5.663714376362887
    ],
    "train_total_loss": [
        26.536099795337137
    ],
    "train_loss_stab": [
        0.695882896037951
    ],
    "train_loss_3d": [
        2.5840216924066413
    ],
    "val_mse_3d": [],
    "epoch_time": [
        2477.1147668361664
    ]
}