{
    "train_acc_stab": [
        46.10926073247736,
        69.36117657748136,
        69.6632291620428,
        69.10810713334517,
        68.92470065030184,
        69.54458410089666,
        87.40965791182084,
        99.7295150756836,
        99.70502471923828
    ],
    "train_mse_3d": [
        4.30937385559082,
        2.8655582016164605,
        2.6206258806315335,
        2.4782362580299377,
        2.368971965529702,
        2.3815466815775093,
        4.957673278721896,
        6.84920183095065,
        7.010146271098744
    ],
    "train_total_loss": [
        23.161942442802534,
        18.50480792076076,
        18.016582641427377,
        17.69418721220809,
        17.170134783879806,
        16.407885255334584,
        37.62819937162833,
        52.58776244742489,
        53.24730089288758
    ],
    "train_loss_stab": [
        0.69760289039786,
        0.4929800368335149,
        0.38902618365200686,
        0.3457800807201699,
        0.38527902824693616,
        0.3669434517758078,
        0.2140786171992858,
        0.014995236864066832,
        0.014768575808271494
    ],
    "train_loss_3d": [
        2.2464339646030234,
        1.8011827860793022,
        1.7627556454645443,
        1.7348407003433193,
        1.6784855682555944,
        1.6040941792535999,
        3.7414120698866506,
        5.257276702291634,
        5.323253222371209
    ],
    "val_mse_3d": [],
    "epoch_time": [
        291.8729660511017,
        295.6922469139099,
        312.9931163787842,
        319.01290798187256,
        313.10664200782776,
        304.3310489654541,
        303.79146695137024,
        316.2142221927643,
        314.53973412513733
    ]
}