{
    "train_acc_stab": [
        76.04547674005681,
        83.21196954900569,
        80.57079523259944,
        81.9798205982555,
        75.09796246615323,
        69.08089516379617,
        69.16089942238547,
        69.24688859419389,
        68.9758581681685
    ],
    "train_mse_3d": [
        4.880889220671221,
        4.651240695606578,
        4.277763204141096,
        4.446451165459373,
        3.535092830657959,
        2.726479075171731,
        2.544135256247087,
        2.496406977826899,
        2.5416478406299245
    ],
    "train_total_loss": [
        2.7624558150496115,
        2.133041019309057,
        2.0847335346213214,
        1.9952309191499127,
        2.077350642038807,
        2.0077206212091663,
        1.9621194688152506,
        1.9376036560154397,
        1.916404783997906
    ],
    "train_loss_stab": [
        0.3462853265339381,
        0.2332076424196975,
        0.19372612823090052,
        0.16499056408530502,
        0.20182916889451955,
        0.22873190991138215,
        0.22600692714730355,
        0.2240884610915293,
        0.2227511401181896
    ],
    "train_loss_3d": [
        2.416170489298154,
        1.8998333781821544,
        1.8910074081595085,
        1.8302403568677161,
        1.8755214725999527,
        1.778988714631834,
        1.7361125401710267,
        1.7135151951280359,
        1.6936536423147541
    ],
    "val_mse_3d": []
}