{
    "train_acc_stab": [
        67.72139635953036,
        69.33831925825639,
        69.2648478421298,
        69.17341509732333,
        69.51682836359197,
        69.34376179088245
    ],
    "train_mse_3d": [
        3.881113648414612,
        2.678173065185547,
        2.4826651323925364,
        2.5233285318721426,
        2.5028622367165307,
        2.4589399749582466
    ],
    "train_total_loss": [
        5.298394153107247,
        3.8545061823439926,
        3.7147961218063146,
        3.627448397684315,
        3.5915739307664847,
        3.497727502970935
    ],
    "train_loss_stab": [
        0.5115407993804374,
        0.29792587146094945,
        0.2608757335437487,
        0.2406624403174065,
        0.2662053816530803,
        0.25057703828158445
    ],
    "train_loss_3d": [
        2.3934266833954205,
        1.7782901628921022,
        1.7269601925323,
        1.6933929838546335,
        1.662684274590723,
        1.6235752356106832
    ],
    "val_mse_3d": [
        1.701700439453125,
        1.6904273490905761,
        1.6323247206211091,
        1.5859613513946533,
        1.608675128221512
    ],
    "epoch_time": [
        1264.6570129394531,
        267.52118587493896,
        268.073203086853,
        286.1913959980011,
        286.7228422164917,
        287.8014097213745
    ]
}