{
    "train_acc_stab": [
        30.655696695501153,
        55.60508086464622,
        98.99207652698864,
        99.68543104691939,
        99.66257338090377,
        99.70883525501598,
        99.75727150656961,
        99.76380296186967,
        99.71481947465377
    ],
    "train_mse_3d": [
        6.882830793207342,
        6.852006131952459,
        6.979742613705722,
        7.007990577004173,
        6.970797105268999,
        7.017707694660533,
        6.737687717784535,
        6.918351953679865,
        7.033298665826971
    ],
    "train_total_loss": [
        11.532569353146986,
        11.557985945181413,
        10.802272595600648,
        10.487399794296785,
        10.582718022303148,
        10.588799923116511,
        10.200758422504771,
        10.35738213875077,
        10.858921512690458
    ],
    "train_loss_stab": [
        0.7181106968359514,
        0.6176918642087417,
        0.11741514568301764,
        0.01821703084490516,
        0.016015590050003744,
        0.01547687182795595,
        0.01532821454192427,
        0.015342363981868733,
        0.015037371643649584
    ],
    "train_loss_3d": [
        5.407229342243888,
        5.470147009058432,
        5.342428720810196,
        5.234591378948905,
        5.28335121978413,
        5.286661546338689,
        5.092715127359737,
        5.171019885756753,
        5.4219420638951386
    ],
    "val_mse_3d": [
        4.580258115768433,
        4.580258115768433,
        4.580258115768433,
        4.580258115768433,
        4.580258115768433,
        4.580258115768433,
        4.580258115768433,
        4.580258115768433,
        4.580258115768433
    ],
    "epoch_time": [
        131.4635729789734,
        133.0879111289978,
        135.265722990036,
        134.13969707489014,
        135.40954399108887,
        133.6889569759369,
        134.76195311546326,
        136.02531099319458,
        133.52619194984436
    ]
}