{
    "train_acc_stab": [
        29.769136255437676,
        30.875568389892578,
        60.151080565019086,
        99.80026591907848,
        99.7480205189098,
        99.76434672962536,
        99.70175864479758,
        99.7589041969993
    ],
    "train_mse_3d": [
        6.698784654790705,
        6.929347298362038,
        6.827306790785356,
        7.148110866546631,
        6.827872883189809,
        6.811475883830678,
        6.862922885201194,
        6.855160453102806
    ],
    "train_total_loss": [
        11.443603558973832,
        11.172618729417975,
        11.684949398040771,
        10.667323514548215,
        10.623357150771401,
        10.44966795193878,
        10.418583807078274,
        10.526302575055425
    ],
    "train_loss_stab": [
        0.7419543385505676,
        0.7487384124235673,
        0.6552572662180121,
        0.23092391623014755,
        0.026516939962113444,
        0.01844834403812208,
        0.016560934636403214,
        0.01594572117848491
    ],
    "train_loss_3d": [
        5.350824600729076,
        5.211940141140738,
        5.514846064285798,
        5.2181997830217535,
        5.298420130122792,
        5.215609796899794,
        5.201011447473006,
        5.255178433656693
    ],
    "val_mse_3d": [
        4.580258115768433,
        4.580258115768433,
        4.580258115768433,
        4.580258115768433,
        4.580258115768433,
        4.580258115768433,
        4.580258115768433
    ],
    "epoch_time": [
        130.86440300941467,
        133.07281517982483,
        135.10887575149536,
        133.5918972492218,
        137.77994585037231,
        134.02594804763794,
        135.0827021598816,
        136.80026388168335
    ]
}