{
    "train_acc_stab": [
        63.45676664872603,
        82.11805586381392,
        99.7730546431108,
        99.78992462158203,
        99.74638609452681,
        99.7044792175293,
        99.74420859596945,
        99.82366804643111,
        99.71863070401278
    ],
    "train_mse_3d": [
        4.8283022100275215,
        4.4413345943797715,
        6.981856649572199,
        6.820560628717596,
        6.906363248825073,
        6.9774204817685215,
        6.994809692556208,
        6.685382561250166,
        6.99821272763339
    ],
    "train_total_loss": [
        5.576410632155257,
        7.27112527564168,
        10.671717774092121,
        11.11839234114935,
        10.571570681009366,
        11.130753920534753,
        10.750330285468994,
        10.328404643372995,
        11.18952269730324
    ],
    "train_loss_stab": [
        0.6751410335166269,
        0.34430862616398905,
        0.01510307080639722,
        0.014498723500735684,
        0.014190044533673963,
        0.013858246495819663,
        0.013748090842857821,
        0.013593723117182516,
        0.013327143723825546
    ],
    "train_loss_3d": [
        2.450634806123498,
        3.4634083182759343,
        5.3283073534364025,
        5.5519467974857735,
        5.278690307056659,
        5.558447842626539,
        5.368291118577735,
        5.157405473212669,
        5.588097798650804
    ],
    "val_mse_3d": [],
    "epoch_time": [
        245.4897599220276,
        253.10203218460083,
        248.47305011749268,
        265.13015604019165,
        264.27281308174133,
        265.1980950832367,
        279.56180477142334,
        283.43508076667786,
        272.0198211669922
    ]
}