{
    "train_acc_stab": [
        64.56210777976297,
        69.36281030828303,
        69.15600031072444,
        69.34212840687145,
        69.08035104924983,
        69.17831282182173,
        69.91412006724964,
        69.32362539117986,
        70.1617476723411
    ],
    "train_mse_3d": [
        3.999351739883423,
        2.6368290294300425,
        2.5350841067054053,
        2.6871566989205102,
        2.448162842880596,
        2.2938524809750644,
        2.2549347335642036,
        2.0549678802490234,
        2.256228896704587
    ],
    "train_total_loss": [
        23.66410571581697,
        18.38603042358677,
        17.88775133977742,
        17.508566107379792,
        16.785772023135667,
        16.191923772907693,
        15.672602914784052,
        15.102236630165415,
        14.819609345910756
    ],
    "train_loss_stab": [
        0.6726781056351858,
        0.4537917791980587,
        0.33031263661711185,
        0.32548180617153916,
        0.31212216969494405,
        0.2950610750478152,
        0.30388429849387305,
        0.30117184631356364,
        0.33392388397427997
    ],
    "train_loss_3d": [
        2.299142759684558,
        1.7932238682219972,
        1.7557438802501382,
        1.718308429739791,
        1.647364989263282,
        1.5896862704459935,
        1.5368718556617493,
        1.4801064759628957,
        1.4485685447035315
    ],
    "val_mse_3d": [
        1.8002094111442566,
        1.7053658719062805,
        1.666200936794281,
        1.6246605825424194,
        1.5454664371013642,
        1.485990952730179,
        1.4526099338531495,
        1.398573354125023
    ],
    "epoch_time": [
        302.1292049884796,
        305.8518559932709,
        307.5283513069153,
        309.3597767353058,
        313.57440423965454,
        305.6679689884186,
        306.93234372138977,
        306.1266579627991,
        325.2393229007721
    ]
}