{
    "train_acc_stab": [
        64.56210777976297,
        69.36281030828303,
        69.15600031072444
    ],
    "train_mse_3d": [
        3.999351739883423,
        2.6368290294300425,
        2.5350841067054053
    ],
    "train_total_loss": [
        23.66410571581697,
        18.38603042358677,
        17.88775133977742
    ],
    "train_loss_stab": [
        0.6726781056351858,
        0.4537917791980587,
        0.33031263661711185
    ],
    "train_loss_3d": [
        2.299142759684558,
        1.7932238682219972,
        1.7557438802501382
    ],
    "val_mse_3d": [],
    "epoch_time": [
        313.8425889015198,
        317.0180938243866,
        2287.1001601219177
    ]
}