{
    "train_acc_stab": [
        54.25211221521551,
        68.97857839410955,
        69.34376213767312,
        69.22675115411931,
        69.07708566839045,
        69.22620669278231,
        69.19464111328125,
        69.25722815773703,
        69.46294888583097
    ],
    "train_mse_3d": [
        3.89618427103216,
        2.693736206401478,
        2.572038032791831,
        2.501971201463179,
        2.3493095202879473,
        2.220561997456984,
        2.1282651641152124,
        2.153428614139557,
        2.1843259822238577
    ],
    "train_total_loss": [
        22.700557930828772,
        18.429376166705126,
        17.904992887418565,
        17.370063111117986,
        16.654138138305107,
        16.108391130351585,
        15.578441193114678,
        15.264499516247614,
        14.929674766923739
    ],
    "train_loss_stab": [
        0.6806191347505404,
        0.5391223097228568,
        0.3594679015956513,
        0.2825615119580264,
        0.25508787397924626,
        0.3372534347451441,
        0.27918423916379065,
        0.2535687017522446,
        0.24882679830675256
    ],
    "train_loss_3d": [
        2.2019938769405836,
        1.7890253823641773,
        1.7545524982556904,
        1.7087501548740962,
        1.63990503631226,
        1.5771137710031309,
        1.5299257023693764,
        1.5010930767886714,
        1.468084792568259
    ],
    "val_mse_3d": [
        1.7540224397182465,
        1.7010429952144623,
        1.6572809734344482,
        1.6230531764030456,
        1.5538801045417785,
        1.5510500338077544,
        1.453078749895096,
        1.4106355755329132,
        1.408623264312744
    ],
    "epoch_time": [
        300.7307469844818,
        303.69590401649475,
        309.10800313949585,
        301.4781608581543,
        303.650190114975,
        302.02261304855347,
        303.4115478992462,
        302.3470640182495,
        301.19719195365906
    ]
}