{
    "train_acc_stab": [
        64.99042259563099,
        70.58461830832742,
        69.22185065529563,
        69.2436225197532,
        69.13041999123313,
        69.1663405678489,
        69.59846323186702,
        69.2338253368031,
        69.61968855424361
    ],
    "train_mse_3d": [
        4.240748936479742,
        2.8893467621369795,
        2.640838623046875,
        2.458658678965135,
        2.4517510912635108,
        2.4421288642016323,
        2.399024421518499,
        2.171648545698686,
        2.237343354658647
    ],
    "train_total_loss": [
        5.688136808404095,
        3.8815581929193783,
        3.807156353780668,
        3.703516893735215,
        3.6541282553651016,
        3.5290071158648626,
        3.4264524810390387,
        3.2877597972138286,
        3.2319783533000512
    ],
    "train_loss_stab": [
        0.5818643095014302,
        0.28902440208550456,
        0.2568873177924657,
        0.23918148650698465,
        0.24424136521881573,
        0.23408959384106065,
        0.24533741870155074,
        0.23102649461188818,
        0.24253194367504555
    ],
    "train_loss_3d": [
        2.553136240401769,
        1.7962668927292846,
        1.7751345117342527,
        1.732167700109961,
        1.704943446263875,
        1.64745876506039,
        1.5905575289573843,
        1.528366652253556,
        1.4947232021588712
    ],
    "val_mse_3d": [
        2.7467860198020935,
        1.7328989036083222,
        1.6869839825630188,
        1.6623674261569976,
        1.6158070859909057,
        1.5360257573127747,
        1.4821369087696075,
        1.4378400299549103
    ],
    "epoch_time": [
        239.28374791145325,
        243.2197549343109,
        241.80719590187073,
        242.444482088089,
        243.08074283599854,
        241.69251489639282,
        243.83410620689392,
        242.55100274085999,
        243.16411185264587
    ]
}