{
    "train_acc_stab": [
        60.54565152254972,
        71.09184542569247,
        68.90565213290128,
        69.49669022993608,
        69.50322376598011,
        69.56199923428622,
        69.46077173406428,
        69.34593686190519,
        69.40199487859553
    ],
    "train_mse_3d": [
        6.1147262833335185,
        3.343257513913241,
        2.7385267344388096,
        2.6491066976027056,
        2.6053028756921943,
        2.5304010781374844,
        2.4481243653730913,
        2.6632810072465376,
        2.43126858364452
    ],
    "train_total_loss": [
        8.313470933654092,
        4.8779954866929485,
        4.3172056956724685,
        4.215476621281017,
        4.153453803062439,
        4.091355111382224,
        4.048407097296281,
        4.018593493374911,
        3.983836700699546
    ],
    "train_loss_stab": [
        0.6843668710101735,
        0.644451583515514,
        0.6300421747294339,
        0.6168037392876365,
        0.6027808877554807,
        0.5847747997804121,
        0.5647036796266383,
        0.5429276520555669,
        0.5243855850263075
    ],
    "train_loss_3d": [
        3.8145520156080073,
        2.1167719515887176,
        1.8435817620970987,
        1.799336442080411,
        1.7753364595499905,
        1.7532901514660229,
        1.7418517156080766,
        1.7378329168666493,
        1.7297255591912704
    ],
    "val_mse_3d": [
        3.2423022074699404,
        1.7882671236991883,
        1.7525992722511292,
        1.71778373503685,
        1.7093393297195434,
        1.7474745280742645,
        1.695360774755478,
        1.7330393948554992,
        1.678324818611145
    ],
    "epoch_time": [
        133.01107692718506,
        135.5149440765381,
        135.97186923027039,
        139.83333206176758,
        135.57714819908142,
        133.84578490257263,
        135.25008296966553,
        138.47358298301697,
        135.8045027256012
    ]
}