{
    "train_acc_stab": [
        29.815397609363902,
        30.928902886130594,
        30.787946527654473,
        46.9081996570934,
        99.7409439086914,
        99.70828940651633,
        99.73223599520597,
        99.75999381325461,
        99.6984932639382
    ],
    "train_mse_3d": [
        7.030063802545721,
        7.02784438566728,
        6.801242091438987,
        6.86527343229814,
        7.076988697052002,
        6.906874353235418,
        6.9743755947459825,
        6.798621741208163,
        6.9302965944463555
    ],
    "train_total_loss": [
        11.561911715702577,
        10.849548656290228,
        11.337370001186024,
        10.820245431228118,
        10.903257114237006,
        10.647892345081676,
        10.492338137972084,
        10.939148340441964,
        10.539432023122737
    ],
    "train_loss_stab": [
        0.7432641972195019,
        0.7223520083860917,
        0.7293809896165674,
        0.6604088528589769,
        0.39751452803611753,
        0.09334245679730718,
        0.03255244017663327,
        0.022715352323244918,
        0.02000382688658481
    ],
    "train_loss_3d": [
        5.409323755355382,
        5.0635983212427655,
        5.303994512557983,
        5.079918290268291,
        5.252871298248118,
        5.277274933728305,
        5.229892846254039,
        5.458216489445079,
        5.259714070775292
    ],
    "val_mse_3d": [
        4.580258115768433,
        4.580258115768433,
        4.580258115768433,
        4.580258115768433,
        4.580258115768433,
        4.580258115768433,
        4.580258115768433,
        4.580258115768433,
        4.580258115768433
    ],
    "epoch_time": [
        133.15936613082886,
        138.074697971344,
        140.78213500976562,
        137.26800394058228,
        140.2235288619995,
        134.19124698638916,
        136.07739281654358,
        134.51947689056396,
        133.44737601280212
    ]
}