{
    "train_acc_stab": [
        69.55438093705611
    ],
    "train_mse_3d": [
        3.9507931795987217
    ],
    "train_total_loss": [
        5.037649629322906
    ],
    "train_loss_stab": [
        0.3833874883172719
    ],
    "train_loss_3d": [
        2.3271310743131592
    ],
    "val_mse_3d": []
}