{
    "train_acc_stab": [
        45.49209854819558,
        59.395682248202235,
        70.07684672962536,
        69.36444091796875,
        69.34593824906783,
        69.45097628506747,
        69.08797246759588,
        69.84010384299539,
        69.22566223144531
    ],
    "train_mse_3d": [
        8.09845967726274,
        6.115359089591286,
        3.1060940352353184,
        2.5858325091275303,
        2.706075278195468,
        2.6356484456495806,
        2.516955397345803,
        2.530793645165183,
        2.6324025934392754
    ],
    "train_total_loss": [
        12.299795293807984,
        7.738343804532831,
        4.667760174924677,
        4.253505940870805,
        4.106902285055681,
        3.9796958121386443,
        3.9027076309377495,
        3.842927752841603,
        3.800296653400768
    ],
    "train_loss_stab": [
        0.7022095647725192,
        0.6877027316526934,
        0.6473997126926075,
        0.6161445596001365,
        0.5548764163797552,
        0.47762466912919826,
        0.41211471855640414,
        0.37138572389429264,
        0.3476976695385846
    ],
    "train_loss_3d": [
        5.798792869394476,
        3.5253205288540235,
        2.0101802175695247,
        1.8186807014725426,
        1.7760129430077292,
        1.751035568930886,
        1.7452964555133472,
        1.7357710133899342,
        1.7262995015491138
    ],
    "val_mse_3d": [
        4.580258115768433,
        2.963690526485443,
        1.770876492500305,
        1.730692848443985,
        1.7002568035125731,
        1.7043277592658996,
        1.750150022506714,
        1.6648999783992768,
        1.6924281470775604
    ],
    "epoch_time": [
        132.23967289924622,
        133.83629488945007,
        136.78096890449524,
        137.596107006073,
        141.94765329360962,
        134.99017477035522,
        134.75606203079224,
        137.29357886314392,
        132.98283910751343
    ]
}